time	geo	champ	rh	rbh
2025-01-01	DE	md	NA	NA
2025-01-01	DE	mdhfi	NA	NA
2025-01-01	DE	mdhi	NA	NA
2025-01-01	DE	mdhifi	NA	NA
2025-01-01	DE	mdhim	NA	NA
2025-01-01	DE	mdhimfi	NA	NA
2025-01-01	DE	tb	NA	NA
2025-01-01	FR	md	0.031790349034379425	0.0402431867339795
2025-01-01	FR	mdhfi	0.034831462825913734	0.041603615636942017
2025-01-01	FR	mdhi	0.047184884757821836	0.07934035742467366
2025-01-01	FR	mdhifi	0.06183331463189806	0.08780797902996178
2025-01-01	FR	mdhim	0.03526920011923203	0.05344713959332878
2025-01-01	FR	mdhimfi	0.029727400933686064	0.043706896919001766
2025-01-01	FR	tb	0.028622813782153044	0.03606504648339487
2025-01-01	IT	md	NA	NA
2025-01-01	IT	mdhfi	NA	NA
2025-01-01	IT	mdhi	NA	NA
2025-01-01	IT	mdhifi	NA	NA
2025-01-01	IT	mdhim	NA	NA
2025-01-01	IT	mdhimfi	NA	NA
2025-01-01	IT	tb	NA	NA
2025-01-01	ES	md	NA	NA
2025-01-01	ES	mdhfi	NA	NA
2025-01-01	ES	mdhi	NA	NA
2025-01-01	ES	mdhifi	NA	NA
2025-01-01	ES	mdhim	NA	NA
2025-01-01	ES	mdhimfi	NA	NA
2025-01-01	ES	tb	NA	NA
2025-01-01	NL	md	NA	NA
2025-01-01	NL	mdhfi	NA	NA
2025-01-01	NL	mdhi	NA	NA
2025-01-01	NL	mdhifi	NA	NA
2025-01-01	NL	mdhim	NA	NA
2025-01-01	NL	mdhimfi	NA	NA
2025-01-01	NL	tb	NA	NA
2025-01-01	BE	md	NA	NA
2025-01-01	BE	mdhfi	NA	NA
2025-01-01	BE	mdhi	NA	NA
2025-01-01	BE	mdhifi	NA	NA
2025-01-01	BE	mdhim	NA	NA
2025-01-01	BE	mdhimfi	NA	NA
2025-01-01	BE	tb	NA	NA
2024-01-01	DE	md	0.02366885277667849	0.03282075914395346
2024-01-01	DE	mdhfi	0.02329638507083672	0.031452912308101655
2024-01-01	DE	mdhi	0.05302826405909667	0.07988508052796202
2024-01-01	DE	mdhifi	0.053526783816241964	0.07833950410364975
2024-01-01	DE	mdhim	0.04371547041082533	0.06370351973938713
2024-01-01	DE	mdhimfi	0.03927876445740444	0.05748671431410437
2024-01-01	DE	tb	0.019566657938327018	0.027446348713085468
2024-01-01	FR	md	0.033063119664026315	0.04215202515483591
2024-01-01	FR	mdhfi	0.037433200111068966	0.04498028871183887
2024-01-01	FR	mdhi	0.047331441725634235	0.08296648221586542
2024-01-01	FR	mdhifi	0.06645247880952643	0.09766290684761841
2024-01-01	FR	mdhim	0.03593714112877576	0.05574709982172881
2024-01-01	FR	mdhimfi	0.03192686456994251	0.048728620846491155
2024-01-01	FR	tb	0.02956064469206289	0.03748741839591964
2024-01-01	IT	md	NA	NA
2024-01-01	IT	mdhfi	NA	NA
2024-01-01	IT	mdhi	NA	NA
2024-01-01	IT	mdhifi	NA	NA
2024-01-01	IT	mdhim	NA	NA
2024-01-01	IT	mdhimfi	NA	NA
2024-01-01	IT	tb	NA	NA
2024-01-01	ES	md	NA	NA
2024-01-01	ES	mdhfi	NA	NA
2024-01-01	ES	mdhi	NA	NA
2024-01-01	ES	mdhifi	NA	NA
2024-01-01	ES	mdhim	NA	NA
2024-01-01	ES	mdhimfi	NA	NA
2024-01-01	ES	tb	NA	NA
2024-01-01	NL	md	0.06360881553849383	0.08271717339163906
2024-01-01	NL	mdhfi	0.061415377625082694	0.07783045776231244
2024-01-01	NL	mdhi	0.1373370216331592	0.18705225971865935
2024-01-01	NL	mdhifi	0.1362389547246937	0.1806727453258247
2024-01-01	NL	mdhim	0.10233921124551851	0.13815024400736212
2024-01-01	NL	mdhimfi	0.09636702752349685	0.1277967484170936
2024-01-01	NL	tb	0.05051898328337897	0.06586571778600836
2024-01-01	BE	md	0.0453917477738674	0.060903091211402874
2024-01-01	BE	mdhfi	0.04417576245162381	0.05630775885450362
2024-01-01	BE	mdhi	0.06757065486219764	0.10058120722159225
2024-01-01	BE	mdhifi	0.06606035038687054	0.09258790061404859
2024-01-01	BE	mdhim	0.06852485215791515	0.09707127156593132
2024-01-01	BE	mdhimfi	0.05672949427433912	0.0795100956473533
2024-01-01	BE	tb	0.04315887481526127	0.057039595938908366
2023-01-01	DE	md	0.029712535135061637	0.03917255963351934
2023-01-01	DE	mdhfi	0.028904548889827443	0.03737158498940212
2023-01-01	DE	mdhi	0.07016713666021103	0.09771279148039969
2023-01-01	DE	mdhifi	0.06996109222860122	0.09550841274705293
2023-01-01	DE	mdhim	0.05680643239839975	0.0773292463594116
2023-01-01	DE	mdhimfi	0.051401324796530284	0.07017127360406412
2023-01-01	DE	tb	0.024737464429255833	0.032886079062474295
2023-01-01	FR	md	0.03237402443438523	0.04137454843915759
2023-01-01	FR	mdhfi	0.03774174344452822	0.04517979611372993
2023-01-01	FR	mdhi	0.04643087929299208	0.08210596702614677
2023-01-01	FR	mdhifi	0.06987547913320392	0.10095289878915478
2023-01-01	FR	mdhim	0.036020958230917915	0.055844946287493986
2023-01-01	FR	mdhimfi	0.034415694057096526	0.05114680429719882
2023-01-01	FR	tb	0.028884148344459855	0.03673454483530208
2023-01-01	IT	md	0.06245139802245483	0.07192367522536007
2023-01-01	IT	mdhfi	0.05788331983289657	0.06553588353181886
2023-01-01	IT	mdhi	0.10968101647116626	0.13359752764217261
2023-01-01	IT	mdhifi	0.09984315240640665	0.11965663280342262
2023-01-01	IT	mdhim	0.09971286381480639	0.11915496955001026
2023-01-01	IT	mdhimfi	0.0805294329383876	0.09651018176743972
2023-01-01	IT	tb	0.056808573887704356	0.06512009233579687
2023-01-01	ES	md	0.05285522470882847	0.06119321313132687
2023-01-01	ES	mdhfi	0.04591538900328406	0.05300615911719266
2023-01-01	ES	mdhi	0.061514318296712424	0.07748279448855755
2023-01-01	ES	mdhifi	0.048282711461272096	0.06202901952347019
2023-01-01	ES	mdhim	0.05922436251866175	0.07195432640410485
2023-01-01	ES	mdhimfi	0.038291475289409974	0.0491932328658559
2023-01-01	ES	tb	0.043327559546955156	0.05041262589690784
2023-01-01	NL	md	0.06694121481234017	0.08727632843680345
2023-01-01	NL	mdhfi	0.06376207505396705	0.08169736674596817
2023-01-01	NL	mdhi	0.14003306772785623	0.19135363813731077
2023-01-01	NL	mdhifi	0.13636646302292965	0.18337508693144514
2023-01-01	NL	mdhim	0.10609695092994846	0.14368805389139483
2023-01-01	NL	mdhimfi	0.09820802001856098	0.13206256002431166
2023-01-01	NL	tb	0.05314967352339165	0.06948114881288886
2023-01-01	BE	md	0.04748933135630604	0.061193664261791327
2023-01-01	BE	mdhfi	0.04652757721968872	0.05727723775354707
2023-01-01	BE	mdhi	0.07020470380570057	0.09916573550759812
2023-01-01	BE	mdhifi	0.06934064013452872	0.09270363622425123
2023-01-01	BE	mdhim	0.0712408213888756	0.09639064575955701
2023-01-01	BE	mdhimfi	0.05979083016961829	0.07993620132200344
2023-01-01	BE	tb	0.04484931749879179	0.05710046668913059
2022-01-01	DE	md	0.0262944439475487	0.03619676136247227
2022-01-01	DE	mdhfi	0.02535840587086944	0.03482336500518534
2022-01-01	DE	mdhi	0.0592374782356779	0.08777539137615172
2022-01-01	DE	mdhifi	0.058257313506764864	0.08651588025351428
2022-01-01	DE	mdhim	0.04896857626637357	0.07026384796616757
2022-01-01	DE	mdhimfi	0.0428728819849653	0.06366900395267275
2022-01-01	DE	tb	0.022058822970681097	0.030580224258189324
2022-01-01	FR	md	0.02338842423878109	0.033692910266196655
2022-01-01	FR	mdhfi	0.026772863975863356	0.035092479752242015
2022-01-01	FR	mdhi	0.027096255319706854	0.06843196923121375
2022-01-01	FR	mdhifi	0.041678837850990344	0.07686592108917185
2022-01-01	FR	mdhim	0.020693786127406598	0.04357935716072469
2022-01-01	FR	mdhimfi	0.01871138623751817	0.037583034642905945
2022-01-01	FR	tb	0.02147503467051529	0.030457110466496656
2022-01-01	IT	md	0.05472046270736656	0.06346714865920179
2022-01-01	IT	mdhfi	0.05158372400732226	0.05863127301505797
2022-01-01	IT	mdhi	0.09249809340187994	0.11440565490415641
2022-01-01	IT	mdhifi	0.08604060607002396	0.10414116110910279
2022-01-01	IT	mdhim	0.08476426521072425	0.10255527064690863
2022-01-01	IT	mdhimfi	0.06932182584613579	0.08390521363766566
2022-01-01	IT	tb	0.049711883503748895	0.057361615982114145
2022-01-01	ES	md	0.04793534796080054	0.05525302573397791
2022-01-01	ES	mdhfi	0.04464370330820294	0.05083069088162926
2022-01-01	ES	mdhi	0.05432830045482863	0.06817124188607485
2022-01-01	ES	mdhifi	0.04819138972790339	0.060038884838817766
2022-01-01	ES	mdhim	0.0531198733986826	0.06427168789352977
2022-01-01	ES	mdhimfi	0.03862746408528476	0.04812373913527473
2022-01-01	ES	tb	0.03887732980420718	0.04508466218724584
2022-01-01	NL	md	0.07231913969340031	0.09126773796944454
2022-01-01	NL	mdhfi	0.06662889830348108	0.08324620191064853
2022-01-01	NL	mdhi	0.1651003683142097	0.21264351924249625
2022-01-01	NL	mdhifi	0.15639609225795587	0.19974971618296222
2022-01-01	NL	mdhim	0.12505795193537356	0.16001879441583577
2022-01-01	NL	mdhimfi	0.1130259052512859	0.14435713942282502
2022-01-01	NL	tb	0.0572431471179946	0.07242899282544776
2022-01-01	BE	md	0.048387417528007376	0.06199710346132575
2022-01-01	BE	mdhfi	0.045925622142235355	0.05765802273674049
2022-01-01	BE	mdhi	0.07492545097468513	0.1039619004842623
2022-01-01	BE	mdhifi	0.07099945216826153	0.09677341338302438
2022-01-01	BE	mdhim	0.07516055786884399	0.10043391249547302
2022-01-01	BE	mdhimfi	0.06135391664243398	0.0836263908605207
2022-01-01	BE	tb	0.04536053630839642	0.05754746939341558
2021-01-01	DE	md	0.032675709596638354	0.04280920809857594
2021-01-01	DE	mdhfi	0.03128023767053476	0.040358971003300985
2021-01-01	DE	mdhi	0.06487973155769837	0.09354856869372905
2021-01-01	DE	mdhifi	0.06253494749988063	0.08911756999464863
2021-01-01	DE	mdhim	0.058252195950576235	0.07975702804347216
2021-01-01	DE	mdhimfi	0.04628288657560641	0.06595701361968619
2021-01-01	DE	tb	0.02735814442068004	0.03606495732176369
2021-01-01	FR	md	0.029025203105894504	0.03789165807432059
2021-01-01	FR	mdhfi	0.032142928838810814	0.03908609364941335
2021-01-01	FR	mdhi	0.04452356626697609	0.07984170668070419
2021-01-01	FR	mdhifi	0.05873815265493465	0.0878949499122478
2021-01-01	FR	mdhim	0.030512097444126144	0.05015122632427896
2021-01-01	FR	mdhimfi	0.027281915403103176	0.04299003759265461
2021-01-01	FR	tb	0.027064719637141375	0.03478929944303092
2021-01-01	IT	md	0.05275525217307838	0.05887015142320241
2021-01-01	IT	mdhfi	0.05008491917741292	0.05519062825030573
2021-01-01	IT	mdhi	0.0829497345414012	0.09814212869530525
2021-01-01	IT	mdhifi	0.07739742790825768	0.09039517867002987
2021-01-01	IT	mdhim	0.07765199279257307	0.09001719091467689
2021-01-01	IT	mdhimfi	0.06251439411557026	0.07301275996179096
2021-01-01	IT	tb	0.04836352942780957	0.05370201043990533
2021-01-01	ES	md	0.03927324161280801	0.04635180878693404
2021-01-01	ES	mdhfi	0.037238382468928355	0.042826942020928516
2021-01-01	ES	mdhi	0.03549766800928822	0.04864313214426229
2021-01-01	ES	mdhifi	0.0315762429657762	0.042078328930767114
2021-01-01	ES	mdhim	0.03817937054777748	0.04897696823335261
2021-01-01	ES	mdhimfi	0.02581744698848646	0.034404188861595034
2021-01-01	ES	tb	0.03234414849664034	0.03832743223477118
2021-01-01	NL	md	0.0639001479702018	0.08012428576877434
2021-01-01	NL	mdhfi	0.0578606474845001	0.07079287271657056
2021-01-01	NL	mdhi	0.15230281996471168	0.19313404253282013
2021-01-01	NL	mdhifi	0.14239871298995965	0.1762559381723506
2021-01-01	NL	mdhim	0.1162462418089777	0.1462036747332498
2021-01-01	NL	mdhimfi	0.1026496120061569	0.12705594936415368
2021-01-01	NL	tb	0.05120040445927665	0.06421361717608329
2021-01-01	BE	md	0.04291348641454229	0.05608946817724881
2021-01-01	BE	mdhfi	0.038378962276818876	0.049597992368205626
2021-01-01	BE	mdhi	0.06947581874910883	0.09850506305311747
2021-01-01	BE	mdhifi	0.0607458392531959	0.08626966812514295
2021-01-01	BE	mdhim	0.06922658093664051	0.0944921993836904
2021-01-01	BE	mdhimfi	0.05246396893411176	0.07450797032548219
2021-01-01	BE	tb	0.04196452069374804	0.0538116205369121
2020-01-01	DE	md	0.028837109891544456	0.036348729253921234
2020-01-01	DE	mdhfi	0.027716958276181713	0.03430264601023114
2020-01-01	DE	mdhi	0.04647467530944352	0.06720746686285517
2020-01-01	DE	mdhifi	0.044204508515648215	0.06298952079851457
2020-01-01	DE	mdhim	0.0472362379041585	0.06289371009636756
2020-01-01	DE	mdhimfi	0.03296025649562514	0.04696694594671504
2020-01-01	DE	tb	0.02467013120118331	0.031102721136341598
2020-01-01	FR	md	0.02666348827253118	0.03516726311166451
2020-01-01	FR	mdhfi	0.029723771135838475	0.036222796373562606
2020-01-01	FR	mdhi	0.027207875600095594	0.06071759030278974
2020-01-01	FR	mdhifi	0.039943035659529634	0.06690640944152552
2020-01-01	FR	mdhim	0.022506215146196263	0.04125759038897841
2020-01-01	FR	mdhimfi	0.01756202548921261	0.032193796340143764
2020-01-01	FR	tb	0.024644556178751213	0.032051689131796096
2020-01-01	IT	md	0.04508264578925579	0.051507963886943994
2020-01-01	IT	mdhfi	0.04110800836655719	0.04649821906330394
2020-01-01	IT	mdhi	0.05983545254698419	0.07570161322938436
2020-01-01	IT	mdhifi	0.0503805337292171	0.06401034053824739
2020-01-01	IT	mdhim	0.05963709899772328	0.07258638339213812
2020-01-01	IT	mdhimfi	0.04081559072205625	0.05185772495842812
2020-01-01	IT	tb	0.041375785776319195	0.04697962093358735
2020-01-01	ES	md	0.03919620327936896	0.0443714953893907
2020-01-01	ES	mdhfi	0.03586319787279758	0.040343326832727164
2020-01-01	ES	mdhi	0.031598684187465136	0.04113937343984093
2020-01-01	ES	mdhifi	0.025170380381301802	0.03353259680356803
2020-01-01	ES	mdhim	0.036023812439606416	0.04387920446054673
2020-01-01	ES	mdhimfi	0.020624843256122367	0.027476920990757433
2020-01-01	ES	tb	0.03397817127479613	0.03835534982112523
2020-01-01	NL	md	0.05763115119095904	0.0701982504882111
2020-01-01	NL	mdhfi	0.047714270478159945	0.05794572455876286
2020-01-01	NL	mdhi	0.1338157749197645	0.16481590599854287
2020-01-01	NL	mdhifi	0.11346560405956693	0.13970550209543992
2020-01-01	NL	mdhim	0.1044212259365766	0.12735458065299124
2020-01-01	NL	mdhimfi	0.08250742037540239	0.10158797184117432
2020-01-01	NL	tb	0.04560213545282835	0.055654658208533984
2020-01-01	BE	md	0.0417693923935483	0.0529225829264888
2020-01-01	BE	mdhfi	0.03791502334367371	0.04692000565231401
2020-01-01	BE	mdhi	0.06534669646122225	0.089758695363081
2020-01-01	BE	mdhifi	0.058098144908230905	0.0784775976613072
2020-01-01	BE	mdhim	0.06609334080192052	0.08742208108395015
2020-01-01	BE	mdhimfi	0.05036252388374177	0.06802850405635455
2020-01-01	BE	tb	0.040317094611757	0.05034696424685321
2019-01-01	DE	md	0.03177276930006704	0.04120504508173715
2019-01-01	DE	mdhfi	0.03063978025121499	0.03922776242596153
2019-01-01	DE	mdhi	0.0529966969006755	0.07888033332165793
2019-01-01	DE	mdhifi	0.05087965772404123	0.07521844814322064
2019-01-01	DE	mdhim	0.052932717775845024	0.0724791515347157
2019-01-01	DE	mdhimfi	0.03794375483206591	0.05609452741751142
2019-01-01	DE	tb	0.027333338321247864	0.035413219905749624
2019-01-01	FR	md	0.032641491507889954	0.04167637034748566
2019-01-01	FR	mdhfi	0.035828129301525964	0.042837249093980616
2019-01-01	FR	mdhi	0.04738443757379446	0.08274664053856272
2019-01-01	FR	mdhifi	0.06151084049400574	0.09035019946568648
2019-01-01	FR	mdhim	0.03389094158823227	0.05374346354872296
2019-01-01	FR	mdhimfi	0.029047179825054954	0.044763265187063216
2019-01-01	FR	tb	0.02958538987417627	0.037446708144196816
2019-01-01	IT	md	0.053285054445529674	0.0598957743413197
2019-01-01	IT	mdhfi	0.04954017718180198	0.0550977918811409
2019-01-01	IT	mdhi	0.0771827455675755	0.09336996913858756
2019-01-01	IT	mdhifi	0.06874193635373521	0.08266821934156546
2019-01-01	IT	mdhim	0.07524893209889688	0.08848865122512603
2019-01-01	IT	mdhimfi	0.05582368105003825	0.06713288211363277
2019-01-01	IT	tb	0.048715616311425895	0.054477742920647984
2019-01-01	ES	md	0.05663259759295533	0.06274869623366283
2019-01-01	ES	mdhfi	0.054417665524345134	0.05952165340467493
2019-01-01	ES	mdhi	0.06227757186150455	0.07347005219562383
2019-01-01	ES	mdhifi	0.058327258121212464	0.06778222221912023
2019-01-01	ES	mdhim	0.062100440377242674	0.0713839465552175
2019-01-01	ES	mdhimfi	0.04815675340970046	0.05596305854433054
2019-01-01	ES	tb	0.04818704826555937	0.053355677482662844
2019-01-01	NL	md	0.06366118821456096	0.07939456236135856
2019-01-01	NL	mdhfi	0.05400700468353349	0.06653859722505809
2019-01-01	NL	mdhi	0.14295915769689582	0.18080541281437504
2019-01-01	NL	mdhifi	0.12399921656800621	0.15528597001841493
2019-01-01	NL	mdhim	0.11306918297022518	0.14128778889815
2019-01-01	NL	mdhimfi	0.09095461534483978	0.11390374925255348
2019-01-01	NL	tb	0.04999144032839143	0.06250070661081912
2019-01-01	BE	md	0.04398444007188428	0.05745937986106776
2019-01-01	BE	mdhfi	0.03953550248047685	0.05056124618448396
2019-01-01	BE	mdhi	0.06934856122402776	0.09841797592985899
2019-01-01	BE	mdhifi	0.06104915719983158	0.08565440439967592
2019-01-01	BE	mdhim	0.06992535116242175	0.09543998674483203
2019-01-01	BE	mdhimfi	0.053166171884929767	0.0745942613443158
2019-01-01	BE	tb	0.04161315099391852	0.05372091638929941
2018-01-01	DE	md	0.03607179681411647	0.04622206131172117
2018-01-01	DE	mdhfi	0.03522108888544582	0.04453436907388253
2018-01-01	DE	mdhi	0.06159732788535548	0.0892525322808738
2018-01-01	DE	mdhifi	0.06051756695886202	0.08671887502716769
2018-01-01	DE	mdhim	0.060542636606187	0.0813956808351232
2018-01-01	DE	mdhimfi	0.045062108235549014	0.06457191736071671
2018-01-01	DE	tb	0.03103994610935189	0.039735522383536066
2018-01-01	FR	md	0.032618398664851306	0.04112921804398703
2018-01-01	FR	mdhfi	0.034691334044628666	0.04144998344276899
2018-01-01	FR	mdhi	0.046589448282388445	0.08006773779788681
2018-01-01	FR	mdhifi	0.0560632598889984	0.08395406238184472
2018-01-01	FR	mdhim	0.03348137016101655	0.05221387825007634
2018-01-01	FR	mdhimfi	0.026085882760271527	0.04125232042309586
2018-01-01	FR	tb	0.02949316249925854	0.036885728510715345
2018-01-01	IT	md	0.053051702210065964	0.05926524353740246
2018-01-01	IT	mdhfi	0.049024668151038786	0.054246088319946484
2018-01-01	IT	mdhi	0.07855409212197145	0.09385141672101145
2018-01-01	IT	mdhifi	0.06940707558227509	0.08256045369025908
2018-01-01	IT	mdhim	0.075725978437407665	0.08822073833287981
2018-01-01	IT	mdhimfi	0.05628788965425924	0.06695504266872837
2018-01-01	IT	tb	0.04861308793876395	0.05402238655905018
2018-01-01	ES	md	0.057112697377010704	0.06447520911494445
2018-01-01	ES	mdhfi	0.05475070441891339	0.06086300624430387
2018-01-01	ES	mdhi	0.062118820563299475	0.07546748521646629
2018-01-01	ES	mdhifi	0.057925489813423374	0.06915095216075563
2018-01-01	ES	mdhim	0.06227825959983691	0.07346264628245605
2018-01-01	ES	mdhimfi	0.04830761184562932	0.05766921206013435
2018-01-01	ES	tb	0.04883573974165739	0.055033473726716534
2018-01-01	NL	md	0.06428227880273109	0.08005070530834417
2018-01-01	NL	mdhfi	0.054741160136952606	0.0666818597700089
2018-01-01	NL	mdhi	0.14051237958407017	0.1779511713321547
2018-01-01	NL	mdhifi	0.12193475260539773	0.1513450656670026
2018-01-01	NL	mdhim	0.11180589294554516	0.1397623413280402
2018-01-01	NL	mdhimfi	0.08958644132170393	0.11119443435936541
2018-01-01	NL	tb	0.05047140075992512	0.06293671435409054
2018-01-01	BE	md	0.039406545689949224	0.05511574303641343
2018-01-01	BE	mdhfi	0.035068433536244045	0.048263252459479156
2018-01-01	BE	mdhi	0.05845870811289322	0.09209290625195615
2018-01-01	BE	mdhifi	0.05008887853686701	0.07932006414050358
2018-01-01	BE	mdhim	0.06063167123531314	0.09030338414735883
2018-01-01	BE	mdhimfi	0.04385144033437967	0.06944254216864372
2018-01-01	BE	tb	0.03749548084809615	0.05159829922390671
2017-01-01	DE	md	0.040942785233340835	0.05073752893752847
2017-01-01	DE	mdhfi	0.03978648178965401	0.048724515172230747
2017-01-01	DE	mdhi	0.07093516362843687	0.0974916224822186
2017-01-01	DE	mdhifi	0.069245710856288	0.0942686977045671
2017-01-01	DE	mdhim	0.06923847435508652	0.08927214295369273
2017-01-01	DE	mdhimfi	0.05158376883066075	0.07022434530929879
2017-01-01	DE	tb	0.0355489763150271	0.04393971573006161
2017-01-01	FR	md	0.033349743439869343	0.042922396382661876
2017-01-01	FR	mdhfi	0.036237993776086296	0.043741842780692666
2017-01-01	FR	mdhi	0.04728127949587922	0.08505254416283552
2017-01-01	FR	mdhifi	0.060122344320448294	0.09115381428486409
2017-01-01	FR	mdhim	0.03398295320886206	0.0550774691069586
2017-01-01	FR	mdhimfi	0.02791987245044366	0.044771308769113324
2017-01-01	FR	tb	0.03010962520857319	0.03841443424915819
2017-01-01	IT	md	0.05280609722772145	0.05974457502768313
2017-01-01	IT	mdhfi	0.04897923938372549	0.05478855926216755
2017-01-01	IT	mdhi	0.07676121708296248	0.09377178571593438
2017-01-01	IT	mdhifi	0.06809283269754815	0.08266220178473348
2017-01-01	IT	mdhim	0.07461007117400596	0.08851540878759878
2017-01-01	IT	mdhimfi	0.055271349418034264	0.06709739127467042
2017-01-01	IT	tb	0.04870402188461309	0.05473287132873912
2017-01-01	ES	md	0.05833901469860753	0.06493729196413144
2017-01-01	ES	mdhfi	0.05661160970503872	0.062237332389968335
2017-01-01	ES	mdhi	0.06418669755701988	0.07606553188895422
2017-01-01	ES	mdhifi	0.061214669706183666	0.07148156948680959
2017-01-01	ES	mdhim	0.063968968011388	0.07400893475989594
2017-01-01	ES	mdhimfi	0.051492507471502205	0.0601288101126915
2017-01-01	ES	tb	0.04997509036311601	0.05551419742757815
2017-01-01	NL	md	0.06701084041199198	0.08173047532015791
2017-01-01	NL	mdhfi	0.056156312918805115	0.06736150083843447
2017-01-01	NL	mdhi	0.14624813133395834	0.18060811899664259
2017-01-01	NL	mdhifi	0.1250771011844582	0.15219536415261212
2017-01-01	NL	mdhim	0.1174667790747864	0.1432189347635988
2017-01-01	NL	mdhimfi	0.092255755543053	0.11225794471637471
2017-01-01	NL	tb	0.05243809402436919	0.06402689008065396
2017-01-01	BE	md	0.03996950057462517	0.05484610124794037
2017-01-01	BE	mdhfi	0.03552493011675454	0.04771545704417906
2017-01-01	BE	mdhi	0.06051733181165189	0.0924911209026792
2017-01-01	BE	mdhifi	0.05196773065690411	0.07907852738539288
2017-01-01	BE	mdhim	0.06230177077769276	0.09059700444988088
2017-01-01	BE	mdhimfi	0.045647739118641076	0.06946148970419123
2017-01-01	BE	tb	0.03766204627181127	0.05103172167574615
2016-01-01	DE	md	0.03976947640757179	0.04930074809175899
2016-01-01	DE	mdhfi	0.03869237883785962	0.047188828213623996
2016-01-01	DE	mdhi	0.06546813955087448	0.09124540704785858
2016-01-01	DE	mdhifi	0.06378060912501152	0.08750293753913665
2016-01-01	DE	mdhim	0.0663176677266967	0.08576318380373202
2016-01-01	DE	mdhimfi	0.04751460385234563	0.06518701326510529
2016-01-01	DE	tb	0.03473622310990385	0.04289765951629877
2016-01-01	FR	md	0.036021301588322695	0.04444357273289351
2016-01-01	FR	mdhfi	0.03727990933113077	0.04378735591820363
2016-01-01	FR	mdhi	0.05551255132062037	0.0887660076017326
2016-01-01	FR	mdhifi	0.061925577436241094	0.0888125702666862
2016-01-01	FR	mdhim	0.03884057529124643	0.05742860351094798
2016-01-01	FR	mdhimfi	0.02885367839407905	0.043481567049892214
2016-01-01	FR	tb	0.03244439440115499	0.039744348957565706
2016-01-01	IT	md	0.05210067944756154	0.0591094224320109
2016-01-01	IT	mdhfi	0.047398735757003485	0.05328075161000649
2016-01-01	IT	mdhi	0.07494745321605616	0.09210296965970143
2016-01-01	IT	mdhifi	0.06405651582499676	0.07878229148537588
2016-01-01	IT	mdhim	0.07307361201220966	0.08707583886566143
2016-01-01	IT	mdhimfi	0.05191478216610335	0.06384932818050215
2016-01-01	IT	tb	0.04794734566996259	0.05402647358391191
2016-01-01	ES	md	0.05745870718136372	0.06402499991561486
2016-01-01	ES	mdhfi	0.056448697405327194	0.06200324449911796
2016-01-01	ES	mdhi	0.0623434025277063	0.07418935541444552
2016-01-01	ES	mdhifi	0.06065085984717957	0.07081365994935375
2016-01-01	ES	mdhim	0.06242967243999742	0.07248934027798387
2016-01-01	ES	mdhimfi	0.05125922694749923	0.05984834304860656
2016-01-01	ES	tb	0.04902705887261982	0.05452978800770157
2016-01-01	NL	md	0.06194665644297621	0.07663700559883203
2016-01-01	NL	mdhfi	0.04944077681748373	0.06092491370976017
2016-01-01	NL	mdhi	0.13947078414948033	0.17395952249114227
2016-01-01	NL	mdhifi	0.11401211658174062	0.14196890406586046
2016-01-01	NL	mdhim	0.11204497443908572	0.13778178305756278
2016-01-01	NL	mdhimfi	0.08371405241270932	0.10424148443401259
2016-01-01	NL	tb	0.04875802082021564	0.06032324103478231
2016-01-01	BE	md	0.042951185591337385	0.05555485349377257
2016-01-01	BE	mdhfi	0.038447660505896146	0.0486908098567585
2016-01-01	BE	mdhi	0.06581683084210677	0.09263157552587341
2016-01-01	BE	mdhifi	0.057393107478840515	0.07993744493600159
2016-01-01	BE	mdhim	0.06737972593964871	0.09123888501554274
2016-01-01	BE	mdhimfi	0.05070337434491515	0.07061994676382373
2016-01-01	BE	tb	0.040558429656667075	0.05187574174208266
2015-01-01	DE	md	0.040155898012329945	0.04855133194106556
2015-01-01	DE	mdhfi	0.0383987785234964	0.04585583332070567
2015-01-01	DE	mdhi	0.06502238293223712	0.08754721496457657
2015-01-01	DE	mdhifi	0.06144837573615099	0.08210875012200308
2015-01-01	DE	mdhim	0.0663640239093366	0.08334797559148627
2015-01-01	DE	mdhimfi	0.045746993900371936	0.061128198198875966
2015-01-01	DE	tb	0.035266273525308874	0.042446414569843285
2015-01-01	FR	md	0.03841362637594273	0.047325555649552646
2015-01-01	FR	mdhfi	0.03933227145779692	0.045899150203907994
2015-01-01	FR	mdhi	0.0641897143862577	0.09931247098591273
2015-01-01	FR	mdhifi	0.06952903187802623	0.09657545232962703
2015-01-01	FR	mdhim	0.04385946344549448	0.06353123205688053
2015-01-01	FR	mdhimfi	0.03336085652742668	0.04811736616118352
2015-01-01	FR	tb	0.0342984442260114	0.04201199924858144
2015-01-01	IT	md	0.04577858245530703	0.05225317131492457
2015-01-01	IT	mdhfi	0.040891861612445055	0.04630594685235898
2015-01-01	IT	mdhi	0.06080638307874077	0.07651358439134108
2015-01-01	IT	mdhifi	0.04926184592954908	0.06269375836216523
2015-01-01	IT	mdhim	0.06108538188737921	0.07389093165600732
2015-01-01	IT	mdhimfi	0.03987767253241009	0.050750862429473645
2015-01-01	IT	tb	0.04234750941036948	0.04795256366161272
2015-01-01	ES	md	0.0550115858510094	0.06148356662150524
2015-01-01	ES	mdhfi	0.05457375471881926	0.060150562501369714
2015-01-01	ES	mdhi	0.057544341006339435	0.06921378988738638
2015-01-01	ES	mdhifi	0.05682395647063679	0.06702113883852821
2015-01-01	ES	mdhim	0.058883161257228374	0.06882251670988364
2015-01-01	ES	mdhimfi	0.048173206086078675	0.05681799251448586
2015-01-01	ES	tb	0.04682710654274636	0.052234625904978724
2015-01-01	NL	md	0.06688188820881123	0.07858959136228755
2015-01-01	NL	mdhfi	0.05216695324763936	0.06069661379896554
2015-01-01	NL	mdhi	0.15171807887027935	0.17918969985067867
2015-01-01	NL	mdhifi	0.12142740022930448	0.14219029792176288
2015-01-01	NL	mdhim	0.12145217037374541	0.14198027596431576
2015-01-01	NL	mdhimfi	0.08926606304633143	0.10452968666784934
2015-01-01	NL	tb	0.05252929613806643	0.0617297657453693
2015-01-01	BE	md	0.041519854748356774	0.053530861140229855
2015-01-01	BE	mdhfi	0.0379572321144325	0.047096488794872736
2015-01-01	BE	mdhi	0.06289684839241311	0.08836105125498965
2015-01-01	BE	mdhifi	0.05649387448842858	0.07654686628019265
2015-01-01	BE	mdhim	0.0646219417278714	0.08730773402717222
2015-01-01	BE	mdhimfi	0.0499691672598363	0.0677061575083636
2015-01-01	BE	tb	0.03931710333661182	0.050101913259079596
2014-01-01	DE	md	0.039578949499991814	0.04794045379100488
2014-01-01	DE	mdhfi	0.03774615851834418	0.045246157578683076
2014-01-01	DE	mdhi	0.06408267792625154	0.08645970139538303
2014-01-01	DE	mdhifi	0.06028392419315861	0.08100424452013137
2014-01-01	DE	mdhim	0.0655792558834124	0.08244120049458442
2014-01-01	DE	mdhimfi	0.04485565261460417	0.06027308774493844
2014-01-01	DE	tb	0.034887838063349094	0.042032908264438916
2014-01-01	FR	md	0.0362699625630589	0.044991660448205184
2014-01-01	FR	mdhfi	0.03643991523686449	0.04314520047433986
2014-01-01	FR	mdhi	0.056999627869315644	0.09130280649708906
2014-01-01	FR	mdhifi	0.05891415882568943	0.0864410783578323
2014-01-01	FR	mdhim	0.03953152458417393	0.058701706325435546
2014-01-01	FR	mdhimfi	0.02765484971927016	0.04264984183057935
2014-01-01	FR	tb	0.03225830953860244	0.039779971429302875
2014-01-01	IT	md	0.04461219974224805	0.0513919798223575
2014-01-01	IT	mdhfi	0.03866153168872516	0.04442621004258318
2014-01-01	IT	mdhi	0.060398698508745546	0.07678894697262464
2014-01-01	IT	mdhifi	0.04629771111084852	0.06055058278252353
2014-01-01	IT	mdhim	0.05969442995497918	0.07303455587359686
2014-01-01	IT	mdhimfi	0.03741220948213332	0.048929656196204714
2014-01-01	IT	tb	0.04134566854197544	0.0472047045960426
2014-01-01	ES	md	0.054413111397147024	0.06007574935156163
2014-01-01	ES	mdhfi	0.053797608791709924	0.058478215645302686
2014-01-01	ES	mdhi	0.05226197816016199	0.062392439847948095
2014-01-01	ES	mdhifi	0.05107885413953028	0.059567294779853466
2014-01-01	ES	mdhim	0.056199641569350776	0.06484880872162456
2014-01-01	ES	mdhimfi	0.04341262552734519	0.05062706878448669
2014-01-01	ES	tb	0.046436871949191175	0.05115210401050003
2014-01-01	NL	md	0.06036858541877617	0.07063132327095946
2014-01-01	NL	mdhfi	0.04592433420005265	0.05307178742116814
2014-01-01	NL	mdhi	0.14322469167634008	0.1682468121950281
2014-01-01	NL	mdhifi	0.11248422931100328	0.13065204114297882
2014-01-01	NL	mdhim	0.11260982214371415	0.13095805600594915
2014-01-01	NL	mdhimfi	0.08092602849159644	0.09399673953215824
2014-01-01	NL	tb	0.047422192352711764	0.05548330781607601
2014-01-01	BE	md	0.03873192450318718	0.05005040821138944
2014-01-01	BE	mdhfi	0.03591148819894207	0.04438940416900648
2014-01-01	BE	mdhi	0.05671690218010445	0.08059598316002359
2014-01-01	BE	mdhifi	0.05176494611942871	0.07028351339845915
2014-01-01	BE	mdhim	0.059152235929478686	0.08051741700117125
2014-01-01	BE	mdhimfi	0.04598991005250075	0.06244249635480041
2014-01-01	BE	tb	0.03691353422848659	0.04707074495605756
2013-01-01	DE	md	0.037552846294638405	0.04605229531306134
2013-01-01	DE	mdhfi	0.03549502483461038	0.04295026113552347
2013-01-01	DE	mdhi	0.05702510686157614	0.07960711486147126
2013-01-01	DE	mdhifi	0.052381046302676586	0.0728218528686656
2013-01-01	DE	mdhim	0.06106163284617841	0.0781024658656457
2013-01-01	DE	mdhimfi	0.039036799736210555	0.054270242530619905
2013-01-01	DE	tb	0.03301106045543227	0.040263893046674784
2013-01-01	FR	md	0.03559515385990473	0.044612746335786144
2013-01-01	FR	mdhfi	0.03593233699632915	0.04292467882177521
2013-01-01	FR	mdhi	0.05375577063111584	0.08895177110156613
2013-01-01	FR	mdhifi	0.056182482990424304	0.08465181821387147
2013-01-01	FR	mdhim	0.037515653640500725	0.057143926388031785
2013-01-01	FR	mdhimfi	0.026079312261391537	0.04155889951179501
2013-01-01	FR	tb	0.031572227693949705	0.039319439638592066
2013-01-01	IT	md	0.04189154960987137	0.04977189232304714
2013-01-01	IT	mdhfi	0.03771695600034884	0.044432640291784585
2013-01-01	IT	mdhi	0.052683821004308566	0.07158707863179618
2013-01-01	IT	mdhifi	0.04286329613332257	0.05933965664270071
2013-01-01	IT	mdhim	0.053455478512979646	0.06886065701010774
2013-01-01	IT	mdhimfi	0.034680731734475626	0.04801176994975714
2013-01-01	IT	tb	0.03872143643266315	0.04552150358287526
2013-01-01	ES	md	0.053841222559919646	0.05967174970256529
2013-01-01	ES	mdhfi	0.05438345698859941	0.05915611536411121
2013-01-01	ES	mdhi	0.04931765578018871	0.05962482028473466
2013-01-01	ES	mdhifi	0.05014874348332641	0.058699542102136106
2013-01-01	ES	mdhim	0.05440741730651878	0.06327670610899983
2013-01-01	ES	mdhimfi	0.0429668395646951	0.05029306085928381
2013-01-01	ES	tb	0.04653265632027323	0.05136882393966848
2013-01-01	NL	md	0.0606248567361612	0.06935605211978373
2013-01-01	NL	mdhfi	0.04745612247078792	0.05346148180483395
2013-01-01	NL	mdhi	0.14839974123621702	0.1700476916534973
2013-01-01	NL	mdhifi	0.12100290016250678	0.13657588386093347
2013-01-01	NL	mdhim	0.1164723339525753	0.13225664449778335
2013-01-01	NL	mdhimfi	0.08642682848272885	0.09754989734521628
2013-01-01	NL	tb	0.047503082397719956	0.054385191109774106
2013-01-01	BE	md	0.03509341842182588	0.04620928878845815
2013-01-01	BE	mdhfi	0.033646321105544115	0.04249492091405481
2013-01-01	BE	mdhi	0.04877889381528234	0.07210957425327606
2013-01-01	BE	mdhifi	0.04656357923303422	0.06579632922812946
2013-01-01	BE	mdhim	0.05224033389749139	0.07320381133123299
2013-01-01	BE	mdhimfi	0.041552590319630205	0.058715587546851446
2013-01-01	BE	tb	0.03342559277148935	0.043400948112841314
2012-01-01	DE	md	0.03827530452412983	0.04723908573880786
2012-01-01	DE	mdhfi	0.03558520906556066	0.043399215757444584
2012-01-01	DE	mdhi	0.058196492103825936	0.08166293625444557
2012-01-01	DE	mdhifi	0.05193984811159693	0.07303437746998837
2012-01-01	DE	mdhim	0.061998365300356906	0.0798052136066707
2012-01-01	DE	mdhimfi	0.03893908185502276	0.05475356024192019
2012-01-01	DE	tb	0.03369167683208211	0.04133054915415216
2012-01-01	FR	md	0.034362256432685576	0.04307174892819935
2012-01-01	FR	mdhfi	0.03538139606559754	0.04207397793192982
2012-01-01	FR	mdhi	0.048251663593019474	0.08200008575091029
2012-01-01	FR	mdhifi	0.05319500115990048	0.08026549392529576
2012-01-01	FR	mdhim	0.03476005956533601	0.05359022489063137
2012-01-01	FR	mdhimfi	0.02479501741823323	0.03951454536195965
2012-01-01	FR	tb	0.03034570295586058	0.03781578978046288
2012-01-01	IT	md	0.04083994835280178	0.048160351393867144
2012-01-01	IT	mdhfi	0.03712163987843292	0.04328837743177431
2012-01-01	IT	mdhi	0.05010975762512696	0.067432401058262
2012-01-01	IT	mdhifi	0.041476129726054564	0.05640105286950595
2012-01-01	IT	mdhim	0.051624578524526565	0.06577258310503313
2012-01-01	IT	mdhimfi	0.03363194954738427	0.04573419403052432
2012-01-01	IT	tb	0.037603337477960255	0.043910747892242
2012-01-01	ES	md	0.051920385342506134	0.057988299660100134
2012-01-01	ES	mdhfi	0.050772370269291656	0.055993545983387155
2012-01-01	ES	mdhi	0.05100661477662183	0.06188145582143237
2012-01-01	ES	mdhifi	0.048889926495578793	0.05838162218307338
2012-01-01	ES	mdhim	0.05477715075632387	0.06413657858651589
2012-01-01	ES	mdhimfi	0.04188747184638058	0.05001968157511264
2012-01-01	ES	tb	0.045143728003221306	0.05019129583803745
2012-01-01	NL	md	0.06039492497892143	0.06882748274765862
2012-01-01	NL	mdhfi	0.045403919716883824	0.05104615009182468
2012-01-01	NL	mdhi	0.15276942101851523	0.17405736918481868
2012-01-01	NL	mdhifi	0.12053099261883085	0.13546841896433723
2012-01-01	NL	mdhim	0.1199752599592653	0.13542079196134357
2012-01-01	NL	mdhimfi	0.08555804366101515	0.09616126651419163
2012-01-01	NL	tb	0.047491424273616537	0.05416404715477147
2012-01-01	BE	md	0.03584603930779433	0.04670124640327467
2012-01-01	BE	mdhfi	0.033813417914076396	0.04272569751978419
2012-01-01	BE	mdhi	0.04937718858457484	0.0717296334120722
2012-01-01	BE	mdhifi	0.04597772293267109	0.06498145768872164
2012-01-01	BE	mdhim	0.05288632858282958	0.07306660385678411
2012-01-01	BE	mdhimfi	0.04123289902260548	0.05827548021776535
2012-01-01	BE	tb	0.034379404517628234	0.044116261436090605
2011-01-01	DE	md	0.04306085896493073	0.051704538648614684
2011-01-01	DE	mdhfi	0.03994413787049788	0.047911336374114086
2011-01-01	DE	mdhi	0.06442184558532374	0.08673964893586214
2011-01-01	DE	mdhifi	0.057195303936120205	0.07839606734755758
2011-01-01	DE	mdhim	0.07025874983821193	0.08732854907444336
2011-01-01	DE	mdhimfi	0.0432379953797835	0.05926515927868373
2011-01-01	DE	tb	0.03766436873528923	0.04501277866487379
2011-01-01	FR	md	0.03771352226734999	0.04644501911168592
2011-01-01	FR	mdhfi	0.038208067477947756	0.044914891193433365
2011-01-01	FR	mdhi	0.06121601971792549	0.09499667635316121
2011-01-01	FR	mdhifi	0.0645628306606286	0.0916171251154714
2011-01-01	FR	mdhim	0.042203059705622804	0.06107095368347469
2011-01-01	FR	mdhimfi	0.031259591540876736	0.045996320901911934
2011-01-01	FR	tb	0.03332845425326753	0.04081521779368684
2011-01-01	IT	md	0.047995270922856714	0.055084247734805525
2011-01-01	IT	mdhfi	0.04406822983807874	0.05016327397128854
2011-01-01	IT	mdhi	0.05996168879232018	0.07656725254155507
2011-01-01	IT	mdhifi	0.0510325298851826	0.06563953243762341
2011-01-01	IT	mdhim	0.06156470687313143	0.0751583016452955
2011-01-01	IT	mdhimfi	0.04147299880707672	0.05334378398655571
2011-01-01	IT	tb	0.04366556157990261	0.049761793382495076
2011-01-01	ES	md	0.05137838053543998	0.05603557738486559
2011-01-01	ES	mdhfi	0.05063905194123031	0.05429221222348987
2011-01-01	ES	mdhi	0.05599418768883405	0.06465770490097345
2011-01-01	ES	mdhifi	0.05476661386026781	0.06167905367851696
2011-01-01	ES	mdhim	0.05759146498842962	0.06500702246881146
2011-01-01	ES	mdhimfi	0.046628240698902035	0.05251348510134682
2011-01-01	ES	tb	0.04503842493543919	0.048947608998838994
2011-01-01	NL	md	0.06189122555031888	0.0702937648914658
2011-01-01	NL	mdhfi	0.04836864696605111	0.05410401536733144
2011-01-01	NL	mdhi	0.15280094065800284	0.17441878067838926
2011-01-01	NL	mdhifi	0.1239467756511674	0.13947150390830285
2011-01-01	NL	mdhim	0.11970822520305353	0.13529173985723938
2011-01-01	NL	mdhimfi	0.0872721633732482	0.09820327968235763
2011-01-01	NL	tb	0.048881281768217405	0.05556399385918997
2011-01-01	BE	md	0.040565035172529254	0.05081628100633936
2011-01-01	BE	mdhfi	0.03983669379657073	0.04841407341156419
2011-01-01	BE	mdhi	0.05877097265779682	0.07979257526045642
2011-01-01	BE	mdhifi	0.05849798148873495	0.07671776737937323
2011-01-01	BE	mdhim	0.06159564545176296	0.08064304008236133
2011-01-01	BE	mdhimfi	0.052658150520500296	0.06905906220093623
2011-01-01	BE	tb	0.03872368943030451	0.04793165111551857
2010-01-01	DE	md	0.0428734797433354	0.050170896437757816
2010-01-01	DE	mdhfi	0.039868512221683965	0.04611294178165079
2010-01-01	DE	mdhi	0.06457312468857043	0.08317304419926938
2010-01-01	DE	mdhifi	0.057751226981925224	0.07414232373020144
2010-01-01	DE	mdhim	0.06973560447472298	0.08407968153017137
2010-01-01	DE	mdhimfi	0.044042188603681844	0.05654235201379804
2010-01-01	DE	tb	0.0376572907601996	0.043849545097195936
2010-01-01	FR	md	0.03949000411428182	0.04728035369110115
2010-01-01	FR	mdhfi	0.038957967180462974	0.04501774225907837
2010-01-01	FR	mdhi	0.06642563951303275	0.09641189871465312
2010-01-01	FR	mdhifi	0.06582572655503124	0.09013421162395992
2010-01-01	FR	mdhim	0.04656344480038127	0.06339718520601385
2010-01-01	FR	mdhimfi	0.032291933333477046	0.04560563345405113
2010-01-01	FR	tb	0.034955268303544784	0.04163472665765441
2010-01-01	IT	md	0.047755406239610484	0.055294448108432405
2010-01-01	IT	mdhfi	0.04404479993816899	0.05071598911675639
2010-01-01	IT	mdhi	0.05859625905626805	0.07613556962771312
2010-01-01	IT	mdhifi	0.05020481521606336	0.06608563067014687
2010-01-01	IT	mdhim	0.06053513036219289	0.07488766566128283
2010-01-01	IT	mdhimfi	0.04078105004799049	0.053680934791091095
2010-01-01	IT	tb	0.04355991207013602	0.05004712628712211
2010-01-01	ES	md	0.04962616969971675	0.054209785304609695
2010-01-01	ES	mdhfi	0.048402030202573644	0.05190956553443378
2010-01-01	ES	mdhi	0.060498016467598274	0.0693671852902095
2010-01-01	ES	mdhifi	0.05847829011309581	0.0653829177410057
2010-01-01	ES	mdhim	0.06011037686794293	0.06763340040780016
2010-01-01	ES	mdhimfi	0.04933395674516108	0.05515889793407023
2010-01-01	ES	tb	0.04376538284388718	0.047649993742892735
2010-01-01	NL	md	0.05884181842607498	0.06744328132894187
2010-01-01	NL	mdhfi	0.045310346322803154	0.05123560649966472
2010-01-01	NL	mdhi	0.1503721434927007	0.17297726800646318
2010-01-01	NL	mdhifi	0.12104710590856842	0.13748463698719823
2010-01-01	NL	mdhim	0.11766832838051033	0.13385607820389364
2010-01-01	NL	mdhimfi	0.08452969095360786	0.09600835797078063
2010-01-01	NL	tb	0.047239283558406786	0.054125762144439316
2010-01-01	BE	md	0.04116524343962962	0.05048615815920646
2010-01-01	BE	mdhfi	0.03894507092950564	0.04671834468093526
2010-01-01	BE	mdhi	0.060587114656463235	0.0795923758339222
2010-01-01	BE	mdhifi	0.05727388454152817	0.0736962369873957
2010-01-01	BE	mdhim	0.06324827065032476	0.0805173927765182
2010-01-01	BE	mdhimfi	0.05170693664505417	0.0665330575599979
2010-01-01	BE	tb	0.0395066760932596	0.047884547822136886
2009-01-01	DE	md	0.03703862020443358	0.04346135438605756
2009-01-01	DE	mdhfi	0.03438984494337386	0.03983802661472743
2009-01-01	DE	mdhi	0.047584115214288486	0.06387986086968582
2009-01-01	DE	mdhifi	0.04117975288096064	0.055411798664425076
2009-01-01	DE	mdhim	0.057833301176912384	0.0704053985047657
2009-01-01	DE	mdhimfi	0.031419440716073256	0.04227824601426498
2009-01-01	DE	tb	0.032974840873787895	0.038428566392081476
2009-01-01	FR	md	0.03948332472184523	0.04527099372111334
2009-01-01	FR	mdhfi	0.04019751583665102	0.04492828203255759
2009-01-01	FR	mdhi	0.061704231334054636	0.0837347174551486
2009-01-01	FR	mdhifi	0.06580839588103571	0.08457522768796279
2009-01-01	FR	mdhim	0.044724526831167635	0.0572038378147956
2009-01-01	FR	mdhimfi	0.03249287406080412	0.042866231379332397
2009-01-01	FR	tb	0.035038613866946594	0.040008999599457494
2009-01-01	IT	md	0.04749515012975788	0.05539315865292443
2009-01-01	IT	mdhfi	0.04416355407076739	0.05107221074410326
2009-01-01	IT	mdhi	0.055498271290845495	0.07377805104598073
2009-01-01	IT	mdhifi	0.047934709431699626	0.06429391312124501
2009-01-01	IT	mdhim	0.05889963132641128	0.07386190609597022
2009-01-01	IT	mdhimfi	0.03894786718682365	0.05224003272066231
2009-01-01	IT	tb	0.04359931868198746	0.0504011196826078
2009-01-01	ES	md	0.0516967494248932	0.05742922696418296
2009-01-01	ES	mdhfi	0.04678090765946042	0.05113383495295539
2009-01-01	ES	mdhi	0.07219938155892935	0.08349451824451234
2009-01-01	ES	mdhifi	0.06307305749898107	0.07180024337066387
2009-01-01	ES	mdhim	0.06893778890252908	0.07846705267860013
2009-01-01	ES	mdhimfi	0.05291791991749319	0.06023997693161922
2009-01-01	ES	tb	0.04607746027837398	0.05097061055462884
2009-01-01	NL	md	0.05646972860557793	0.06427250102834904
2009-01-01	NL	mdhfi	0.046428915958391916	0.052343758962295005
2009-01-01	NL	mdhi	0.1388926091516502	0.15924212636434953
2009-01-01	NL	mdhifi	0.1188962557067733	0.13521035314731608
2009-01-01	NL	mdhim	0.10962856834010277	0.12429533179390488
2009-01-01	NL	mdhimfi	0.08351542049224908	0.09497481170351359
2009-01-01	NL	tb	0.04549922703193016	0.051773770227955165
2009-01-01	BE	md	0.036063474557359414	0.04449952470878277
2009-01-01	BE	mdhfi	0.03479576180083086	0.0416370632941582
2009-01-01	BE	mdhi	0.05185395295473409	0.0689646688676788
2009-01-01	BE	mdhifi	0.05031820224068086	0.06469716513282642
2009-01-01	BE	mdhim	0.05468950068735965	0.0702727221628378
2009-01-01	BE	mdhimfi	0.04553566485718	0.058547966690197725
2009-01-01	BE	tb	0.035011673411978264	0.042607015185496186
2008-01-01	DE	md	0.04672754547510059	0.05593079050345869
2008-01-01	DE	mdhfi	0.04585431881471451	0.05451298229848215
2008-01-01	DE	mdhi	0.0680949701568056	0.09122719694761695
2008-01-01	DE	mdhifi	0.06687738363821445	0.08927968488156716
2008-01-01	DE	mdhim	0.07473718619916855	0.09263426292992527
2008-01-01	DE	mdhimfi	0.05117744129908801	0.06832064269955446
2008-01-01	DE	tb	0.04107349068179629	0.04889512672604682
2008-01-01	FR	md	0.04443435322983826	0.054992613644969025
2008-01-01	FR	mdhfi	0.04555425660879202	0.054993766107352154
2008-01-01	FR	mdhi	0.07060676192888991	0.110405356830368
2008-01-01	FR	mdhifi	0.07647483278725277	0.11352688448138003
2008-01-01	FR	mdhim	0.05551397616625028	0.07819401072638173
2008-01-01	FR	mdhimfi	0.03955015279205311	0.060166206889534384
2008-01-01	FR	tb	0.03891424820581532	0.047989421314444516
2008-01-01	IT	md	0.056016976138332474	0.06641025723478193
2008-01-01	IT	mdhfi	0.051684538842501036	0.0609377399025345
2008-01-01	IT	mdhi	0.07345803904698317	0.09712281572189689
2008-01-01	IT	mdhifi	0.06407985140124352	0.08563141029820637
2008-01-01	IT	mdhim	0.07378501751809245	0.09321536858637498
2008-01-01	IT	mdhimfi	0.05223202557599454	0.06979888240998014
2008-01-01	IT	tb	0.05065150144212537	0.05961179558491248
2008-01-01	ES	md	0.05010733393884573	0.05790354250218254
2008-01-01	ES	mdhfi	0.046176914009578914	0.0524302506061374
2008-01-01	ES	mdhi	0.07037369963363357	0.08587690264615243
2008-01-01	ES	mdhifi	0.06310105555862325	0.07574116828622623
2008-01-01	ES	mdhim	0.06497315753021159	0.07800471735675119
2008-01-01	ES	mdhimfi	0.052762038947946205	0.0633310875024609
2008-01-01	ES	tb	0.04494826853499439	0.05164845303488029
2008-01-01	NL	md	0.07006340108117166	0.0828855566891902
2008-01-01	NL	mdhfi	0.06545408719638904	0.0762999332935785
2008-01-01	NL	mdhi	0.1525598769272397	0.18532510110600062
2008-01-01	NL	mdhifi	0.14782993525508875	0.17712345823616316
2008-01-01	NL	mdhim	0.12190473737157392	0.1457946746112028
2008-01-01	NL	mdhimfi	0.10512201821104007	0.12595267237434168
2008-01-01	NL	tb	0.055475934239905655	0.06578276172630489
2008-01-01	BE	md	0.03538104359618909	0.04727157560362381
2008-01-01	BE	mdhfi	0.037868158139834546	0.048116350652268776
2008-01-01	BE	mdhi	0.05221881043874066	0.07642717700897071
2008-01-01	BE	mdhifi	0.058669492819127554	0.08029266770634552
2008-01-01	BE	mdhim	0.054423053278990954	0.07651643450991064
2008-01-01	BE	mdhimfi	0.05321163571734891	0.07282326775750261
2008-01-01	BE	tb	0.03368878780948963	0.044388914946203006
2007-01-01	DE	md	0.05373628016538329	0.06411306507638112
2007-01-01	DE	mdhfi	0.0522042852300618	0.061223624488173235
2007-01-01	DE	mdhi	0.08496281788261338	0.11103384455228892
2007-01-01	DE	mdhifi	0.08256608494451327	0.10591189824887103
2007-01-01	DE	mdhim	0.0880148621577358	0.10817025362134834
2007-01-01	DE	mdhimfi	0.06311205638007227	0.08095718354691607
2007-01-01	DE	tb	0.0472943250034888	0.05611116199411898
2007-01-01	FR	md	0.04654090952414719	0.057857176747398556
2007-01-01	FR	mdhfi	0.04784334073310721	0.057205514727813066
2007-01-01	FR	mdhi	0.07621112531253658	0.1187108365680355
2007-01-01	FR	mdhifi	0.08292584168443574	0.11950098260400259
2007-01-01	FR	mdhim	0.05914428640130023	0.08335993996450378
2007-01-01	FR	mdhimfi	0.042950205520549824	0.06330996160673702
2007-01-01	FR	tb	0.04052511879001887	0.05024490309449685
2007-01-01	IT	md	0.05843722879034862	0.06988932321541091
2007-01-01	IT	mdhfi	0.05388020481722854	0.06383075521944916
2007-01-01	IT	mdhi	0.07829650457706858	0.10427748211507797
2007-01-01	IT	mdhifi	0.06853805303026529	0.09163254741725403
2007-01-01	IT	mdhim	0.07831851424650306	0.0996796362470213
2007-01-01	IT	mdhimfi	0.05594107365039249	0.07479090603256736
2007-01-01	IT	tb	0.05292221817350484	0.06279148572174256
2007-01-01	ES	md	0.039121498044296564	0.05233253498496178
2007-01-01	ES	mdhfi	0.036331761616881626	0.04740975311817
2007-01-01	ES	mdhi	0.05077310840934379	0.07743766401037709
2007-01-01	ES	mdhifi	0.04542587653947728	0.06814811801450768
2007-01-01	ES	mdhim	0.047649630398308274	0.06994324593342639
2007-01-01	ES	mdhimfi	0.03778028506462513	0.05667816498748936
2007-01-01	ES	tb	0.035046849276934376	0.04644407220577013
2007-01-01	NL	md	0.0720673424510439	0.08566842672948258
2007-01-01	NL	mdhfi	0.06695274561414545	0.0783729961819526
2007-01-01	NL	mdhi	0.15387456945229502	0.1883621444412159
2007-01-01	NL	mdhifi	0.14803269137975578	0.17868054824172985
2007-01-01	NL	mdhim	0.12463453956612612	0.14988269739741036
2007-01-01	NL	mdhimfi	0.10564627424122329	0.12751868540099676
2007-01-01	NL	tb	0.05705068893448795	0.06799990373892129
2007-01-01	BE	md	0.04511062510089636	0.05805322962352642
2007-01-01	BE	mdhfi	0.046330805466044477	0.05706219280615599
2007-01-01	BE	mdhi	0.06759173069003775	0.09338767465164836
2007-01-01	BE	mdhifi	0.07176542483809221	0.09393764740600659
2007-01-01	BE	mdhim	0.0695947737920655	0.09327439649822172
2007-01-01	BE	mdhimfi	0.06548279347657415	0.0857139712980245
2007-01-01	BE	tb	0.04206783892417376	0.053676411186375145
2006-01-01	DE	md	0.05178809835405276	0.062275491557344964
2006-01-01	DE	mdhfi	0.04872752192157974	0.05819154628042558
2006-01-01	DE	mdhi	0.0772971305442109	0.10328680163258841
2006-01-01	DE	mdhifi	0.07080787928234362	0.09499171105230064
2006-01-01	DE	mdhim	0.083223876224322	0.1034099435538402
2006-01-01	DE	mdhimfi	0.05436250364643616	0.07292955658042954
2006-01-01	DE	tb	0.0457316035642768	0.05463191436430596
2006-01-01	FR	md	0.04478433153996456	0.05604807427889163
2006-01-01	FR	mdhfi	0.046080523862904114	0.05551038682648346
2006-01-01	FR	mdhi	0.07043611178042423	0.11232010090690467
2006-01-01	FR	mdhifi	0.07683118369923615	0.11327997945211965
2006-01-01	FR	mdhim	0.055347219917987155	0.07930251709505078
2006-01-01	FR	mdhimfi	0.03982973357549445	0.060205497725331965
2006-01-01	FR	tb	0.03887839085017978	0.04854911064144176
2006-01-01	IT	md	0.060435028591976706	0.07096377434324512
2006-01-01	IT	mdhfi	0.05723018854010332	0.06610311876888152
2006-01-01	IT	mdhi	0.08021118928174943	0.10394226509947876
2006-01-01	IT	mdhifi	0.07364723843117482	0.09411190657678821
2006-01-01	IT	mdhim	0.08153086024925732	0.10110144458216885
2006-01-01	IT	mdhimfi	0.06029309688430775	0.07704699350680996
2006-01-01	IT	tb	0.054571923049626964	0.06363550835845284
2006-01-01	ES	md	0.03475176272754617	0.04651977446990541
2006-01-01	ES	mdhfi	0.03276790824438751	0.0425000407977834
2006-01-01	ES	mdhi	0.04713601765998589	0.07097513660829553
2006-01-01	ES	mdhifi	0.04347085118416749	0.0635268904808595
2006-01-01	ES	mdhim	0.04219721231121687	0.0621110525574218
2006-01-01	ES	mdhimfi	0.036109901820599415	0.052769838081000976
2006-01-01	ES	tb	0.03125268797757611	0.04141898724697604
2006-01-01	NL	md	0.06863005691751878	0.08196333322229649
2006-01-01	NL	mdhfi	0.06227025702570689	0.07324640664542442
2006-01-01	NL	mdhi	0.1501646508679062	0.1839907999424073
2006-01-01	NL	mdhifi	0.14147389343225217	0.1710700625178589
2006-01-01	NL	mdhim	0.12257325837778288	0.14731138132773527
2006-01-01	NL	mdhimfi	0.10065893879100113	0.12171666824313375
2006-01-01	NL	tb	0.05445583259977589	0.0651868424874055
2006-01-01	BE	md	0.04312005078268891	0.05639171059643943
2006-01-01	BE	mdhfi	0.043385014841213605	0.05433436347189075
2006-01-01	BE	mdhi	0.06297961748847808	0.08918720576290644
2006-01-01	BE	mdhifi	0.06503554407679381	0.08747034425762272
2006-01-01	BE	mdhim	0.06566794155272361	0.08985621021048867
2006-01-01	BE	mdhimfi	0.05967419283929644	0.08025952984702625
2006-01-01	BE	tb	0.03997795201457225	0.05185992918561374
2005-01-01	DE	md	0.04672830931658677	0.05541779208585655
2005-01-01	DE	mdhfi	0.0442835288342816	0.05093358571664966
2005-01-01	DE	mdhi	0.06637753508429449	0.08775029975120982
2005-01-01	DE	mdhifi	0.06124176466593054	0.07812796358268086
2005-01-01	DE	mdhim	0.07359649741471141	0.09022143148840957
2005-01-01	DE	mdhimfi	0.047066770034557136	0.06004449602772433
2005-01-01	DE	tb	0.041264654087453057	0.04863623333396379
2005-01-01	FR	md	0.046054981437230115	0.055356692810489654
2005-01-01	FR	mdhfi	0.047000677544100575	0.05481404150912731
2005-01-01	FR	mdhi	0.0766522033701004	0.11086575584738333
2005-01-01	FR	mdhifi	0.0818460231735238	0.11166860240382674
2005-01-01	FR	mdhim	0.05748305511968308	0.0771044330516681
2005-01-01	FR	mdhimfi	0.0427837801919754	0.059517419848026026
2005-01-01	FR	tb	0.0400814124588572	0.04806430882920968
2005-01-01	IT	md	0.0649603978341688	0.07336853516196405
2005-01-01	IT	mdhfi	0.06167728183111919	0.06811506331962419
2005-01-01	IT	mdhi	0.09132148927647174	0.11021153587651614
2005-01-01	IT	mdhifi	0.08490078395189532	0.09970843724501939
2005-01-01	IT	mdhim	0.09018948780780792	0.1058013829323384
2005-01-01	IT	mdhimfi	0.06964872321114755	0.08179624526705447
2005-01-01	IT	tb	0.05864682190559381	0.0658812152146953
2005-01-01	ES	md	0.03506998944671078	0.046250238594248115
2005-01-01	ES	mdhfi	0.03300729301127956	0.0424922931647691
2005-01-01	ES	mdhi	0.049110443798371005	0.07164110636094088
2005-01-01	ES	mdhifi	0.04535627474969933	0.0647951677956301
2005-01-01	ES	mdhim	0.043309450118434296	0.06214240036682164
2005-01-01	ES	mdhimfi	0.03770389666003729	0.053863116495307166
2005-01-01	ES	tb	0.03173386566708027	0.04138454105905055
2005-01-01	NL	md	0.061524171279129375	0.07467142198228487
2005-01-01	NL	mdhfi	0.054029802023281503	0.06444936884678347
2005-01-01	NL	mdhi	0.13542067298881763	0.1681540038402379
2005-01-01	NL	mdhifi	0.12344036136671808	0.15103506239322942
2005-01-01	NL	mdhim	0.11240346093973777	0.13647327915341095
2005-01-01	NL	mdhimfi	0.08828184756265718	0.10801697440923491
2005-01-01	NL	tb	0.048709370575122944	0.05928623523997437
2005-01-01	BE	md	0.04571211002132127	0.05792876938073798
2005-01-01	BE	mdhfi	0.04581344110726885	0.05604449852170788
2005-01-01	BE	mdhi	0.06796239980261386	0.09183776799578557
2005-01-01	BE	mdhifi	0.06990470528142485	0.09066165716816409
2005-01-01	BE	mdhim	0.07014636731890111	0.0922487447381157
2005-01-01	BE	mdhimfi	0.0643406265238665	0.08344542474513057
2005-01-01	BE	tb	0.041960475355775635	0.05288815895082872
2004-01-01	DE	md	0.04586139269962807	0.05347314806932007
2004-01-01	DE	mdhfi	0.04208014191699968	0.048436001854379934
2004-01-01	DE	mdhi	0.0640897904551884	0.08269736289583433
2004-01-01	DE	mdhifi	0.055555137771230216	0.07160244407056535
2004-01-01	DE	mdhim	0.07165516734264041	0.08616237906656095
2004-01-01	DE	mdhimfi	0.0427894002985467	0.0551492762794723
2004-01-01	DE	tb	0.039864913862321535	0.04630710530094292
2004-01-01	FR	md	0.047374897179481824	0.05668292603905182
2004-01-01	FR	mdhfi	0.04889329589965616	0.05601472332784229
2004-01-01	FR	mdhi	0.08259924385457332	0.11649839050590602
2004-01-01	FR	mdhifi	0.0901136428057729	0.11700095496446399
2004-01-01	FR	mdhim	0.059863096162594005	0.07933658825501241
2004-01-01	FR	mdhimfi	0.04741770056177925	0.06253777883479435
2004-01-01	FR	tb	0.0411901295006752	0.04917613916663207
2004-01-01	IT	md	0.06784469435324605	0.07657913696304187
2004-01-01	IT	mdhfi	0.0650475824874759	0.07177474016562645
2004-01-01	IT	mdhi	0.09543728380671038	0.1148524452254492
2004-01-01	IT	mdhifi	0.09027353946098061	0.10558546000040937
2004-01-01	IT	mdhim	0.09442381699654749	0.11054477096615106
2004-01-01	IT	mdhimfi	0.07440630151125643	0.08702686987686908
2004-01-01	IT	tb	0.06101537794705026	0.06852981520633293
2004-01-01	ES	md	0.0385768241180477	0.046927433226731326
2004-01-01	ES	mdhfi	0.03633240443775814	0.04307356350678973
2004-01-01	ES	mdhi	0.057171221030115724	0.07380506704466998
2004-01-01	ES	mdhifi	0.05327038689715897	0.0669311351018206
2004-01-01	ES	mdhim	0.04933156633506638	0.06326304403380144
2004-01-01	ES	mdhimfi	0.04436501955305046	0.055742060278869444
2004-01-01	ES	tb	0.03489413219261318	0.04209436170834906
2004-01-01	NL	md	0.057586602082241305	0.06936927988895057
2004-01-01	NL	mdhfi	0.05053059015188792	0.05898838589636275
2004-01-01	NL	mdhi	0.12218505853463339	0.150980686776223
2004-01-01	NL	mdhifi	0.11090762857993303	0.1329168001179294
2004-01-01	NL	mdhim	0.10322495689213004	0.12450375416047949
2004-01-01	NL	mdhimfi	0.07967542338650202	0.09548668978115014
2004-01-01	NL	tb	0.046001226723189924	0.055467452984534406
2004-01-01	BE	md	0.043454095670073994	0.0552108652980964
2004-01-01	BE	mdhfi	0.04320983313554043	0.05289240299901131
2004-01-01	BE	mdhi	0.06459560804743465	0.08720923042711955
2004-01-01	BE	mdhifi	0.06580939947285147	0.08515312668333591
2004-01-01	BE	mdhim	0.06652446212800812	0.08752462711928882
2004-01-01	BE	mdhimfi	0.0607649849784665	0.07862597904296242
2004-01-01	BE	tb	0.039704316260573684	0.050191442455386585
2003-01-01	DE	md	0.043541573118784496	0.04984599247316174
2003-01-01	DE	mdhfi	0.04182309229089038	0.046698753384357035
2003-01-01	DE	mdhi	0.05634042233804882	0.07162480679668726
2003-01-01	DE	mdhifi	0.0527509767808564	0.06495850168891981
2003-01-01	DE	mdhim	0.06657917666587239	0.07851513500297631
2003-01-01	DE	mdhimfi	0.0406977109703167	0.050115893356497736
2003-01-01	DE	tb	0.0377825800178972	0.043111974103961385
2003-01-01	FR	md	0.04909776964023412	0.0574638760631402
2003-01-01	FR	mdhfi	0.05035417495170918	0.05721679164654376
2003-01-01	FR	mdhi	0.0898307175235147	0.11985605481879784
2003-01-01	FR	mdhifi	0.09647796671458289	0.12197101854179196
2003-01-01	FR	mdhim	0.06273921555411513	0.0800410339409936
2003-01-01	FR	mdhimfi	0.05135674949588073	0.0657503927934444
2003-01-01	FR	tb	0.04263996100496016	0.0498115871685811
2003-01-01	IT	md	0.07001880192442114	0.07862604265858572
2003-01-01	IT	mdhfi	0.06730432180163187	0.07336286754870106
2003-01-01	IT	mdhi	0.10130859903067513	0.12039167240707083
2003-01-01	IT	mdhifi	0.0965182864664363	0.1102742031411569
2003-01-01	IT	mdhim	0.09964493759176263	0.11554399547911924
2003-01-01	IT	mdhimfi	0.07982975889384523	0.09120720405692985
2003-01-01	IT	tb	0.06278909247481812	0.07020255561024055
2003-01-01	ES	md	0.04052572224687388	0.04934840160930681
2003-01-01	ES	mdhfi	0.03792961262697829	0.04556725382950563
2003-01-01	ES	mdhi	0.061629690012659416	0.07896936352879465
2003-01-01	ES	mdhifi	0.057182618049478925	0.07245302432693038
2003-01-01	ES	mdhim	0.052571268571344656	0.06711480681838063
2003-01-01	ES	mdhimfi	0.0476906160149898	0.0604262183188347
2003-01-01	ES	tb	0.03659389080677366	0.044185466279458095
2003-01-01	NL	md	0.05567972934452394	0.06651692299063611
2003-01-01	NL	mdhfi	0.04787880968696047	0.05584845741246451
2003-01-01	NL	mdhi	0.11685296579771244	0.14270567304763598
2003-01-01	NL	mdhifi	0.10388735493063724	0.12413679469046747
2003-01-01	NL	mdhim	0.09937216406387958	0.11861834350795791
2003-01-01	NL	mdhimfi	0.07518638998876143	0.08984151597452791
2003-01-01	NL	tb	0.04392394820527327	0.05262135101234362
2003-01-01	BE	md	0.03917503833010495	0.05006640190155782
2003-01-01	BE	mdhfi	0.040524957073207316	0.04975276719923501
2003-01-01	BE	mdhi	0.05267576290180823	0.0732891069731587
2003-01-01	BE	mdhifi	0.05647870949229179	0.07464262183614619
2003-01-01	BE	mdhim	0.056502345697280236	0.07572887943208
2003-01-01	BE	mdhimfi	0.05237990003847635	0.06922560918146924
2003-01-01	BE	tb	0.03538947838471143	0.045062675019676736
2002-01-01	DE	md	0.04363242266659918	0.049209321994596454
2002-01-01	DE	mdhfi	0.0433533429891123	0.0479923647738671
2002-01-01	DE	mdhi	0.054485195377087195	0.06785652943989157
2002-01-01	DE	mdhifi	0.054413151228715345	0.06590581010394778
2002-01-01	DE	mdhim	0.06583433540734272	0.07630495178095555
2002-01-01	DE	mdhimfi	0.04208795347247067	0.05097739437220111
2002-01-01	DE	tb	0.03804109651775588	0.04275594763280865
2002-01-01	FR	md	0.04918625962178982	0.05939458421946656
2002-01-01	FR	mdhfi	0.0505125460544453	0.058702183549357745
2002-01-01	FR	mdhi	0.08842258806169172	0.12452667384041728
2002-01-01	FR	mdhifi	0.09512860782951837	0.12507593545643048
2002-01-01	FR	mdhim	0.06216129313611383	0.08306763945845938
2002-01-01	FR	mdhimfi	0.050963451564700994	0.06796609938722062
2002-01-01	FR	tb	0.042656465655218995	0.05139507312867522
2002-01-01	IT	md	0.07027850412738842	0.0802231323261863
2002-01-01	IT	mdhfi	0.06870090930336095	0.07640894741539095
2002-01-01	IT	mdhi	0.1043110737627753	0.12634941264661695
2002-01-01	IT	mdhifi	0.1022476531709872	0.1197476638011618
2002-01-01	IT	mdhim	0.10140347507416186	0.11981589630590832
2002-01-01	IT	mdhimfi	0.084802626207054	0.09931686505817382
2002-01-01	IT	tb	0.06296300793655292	0.07153517889732786
2002-01-01	ES	md	0.04149230846669306	0.05081683138625005
2002-01-01	ES	mdhfi	0.039028042062032	0.04676349554792322
2002-01-01	ES	mdhi	0.06377884041722698	0.08184499604397774
2002-01-01	ES	mdhifi	0.05972703094580688	0.07497673308648338
2002-01-01	ES	mdhim	0.0537956759262009	0.06896472124320445
2002-01-01	ES	mdhimfi	0.049859878316031364	0.06259026656820739
2002-01-01	ES	tb	0.03731806091181168	0.04532277879390774
2002-01-01	NL	md	0.05597596590564318	0.0690503263305599
2002-01-01	NL	mdhfi	0.04918467320249056	0.05974020392012814
2002-01-01	NL	mdhi	0.1157446654453468	0.14607397172079134
2002-01-01	NL	mdhifi	0.10575913733603652	0.13182709892146047
2002-01-01	NL	mdhim	0.09984815251279974	0.12261399849017691
2002-01-01	NL	mdhimfi	0.07719925158324621	0.09622765116541473
2002-01-01	NL	tb	0.044370481047161923	0.05486525586024057
2002-01-01	BE	md	0.03839035262221304	0.05007868482356826
2002-01-01	BE	mdhfi	0.038802844409240186	0.04829174371641111
2002-01-01	BE	mdhi	0.04945343674083897	0.07158623953946935
2002-01-01	BE	mdhifi	0.051228902150451075	0.06993445098053412
2002-01-01	BE	mdhim	0.05411591648180398	0.07480110443875543
2002-01-01	BE	mdhimfi	0.047607379682456694	0.06499057799319106
2002-01-01	BE	tb	0.03465990139114779	0.04502562553248634
2001-01-01	DE	md	0.04237695931178736	0.048063700118927986
2001-01-01	DE	mdhfi	0.043110463277761024	0.047881628887660184
2001-01-01	DE	mdhi	0.05209056411989476	0.06559538622918079
2001-01-01	DE	mdhifi	0.054454116898990906	0.06616493301389662
2001-01-01	DE	mdhim	0.06352762992652543	0.07412247466267267
2001-01-01	DE	mdhimfi	0.042193399278210315	0.05126744488483501
2001-01-01	DE	tb	0.03651787414888639	0.04132498008484912
2001-01-01	FR	md	0.050382473594603475	0.062715860930728
2001-01-01	FR	mdhfi	0.052037254374804866	0.06206142206040309
2001-01-01	FR	mdhi	0.08715323081785309	0.13034181581463555
2001-01-01	FR	mdhifi	0.09485900680689385	0.1311327697246874
2001-01-01	FR	mdhim	0.05924088919374743	0.08433619370698155
2001-01-01	FR	mdhimfi	0.051715885284581195	0.07238866337133128
2001-01-01	FR	tb	0.04352799698032875	0.054068586459825686
2001-01-01	IT	md	0.072268037257844	0.08449896928023103
2001-01-01	IT	mdhfi	0.06970543655862214	0.079637404716289
2001-01-01	IT	mdhi	0.11147250838480059	0.13855996052400188
2001-01-01	IT	mdhifi	0.1074088077907527	0.12994351534854526
2001-01-01	IT	mdhim	0.1064150018571085	0.12908913007592177
2001-01-01	IT	mdhimfi	0.08925944150250353	0.10798635461515407
2001-01-01	IT	tb	0.0648264400588794	0.0753675215589966
2001-01-01	ES	md	0.04370452339170599	0.05222347810136567
2001-01-01	ES	mdhfi	0.04107482837227552	0.04831509761993867
2001-01-01	ES	mdhi	0.06917114617628442	0.0854674344397578
2001-01-01	ES	mdhifi	0.06501706872541914	0.0791184470640961
2001-01-01	ES	mdhim	0.05710653464868199	0.07079722956172296
2001-01-01	ES	mdhimfi	0.054291750619255195	0.06606694336724664
2001-01-01	ES	tb	0.03906833172816226	0.046365655273998656
2001-01-01	NL	md	0.05776857517062501	0.07356132791679236
2001-01-01	NL	mdhfi	0.05142367322851974	0.06355886829054407
2001-01-01	NL	mdhi	0.1169793573983255	0.15277243499928983
2001-01-01	NL	mdhifi	0.1084665171725582	0.13773203399345593
2001-01-01	NL	mdhim	0.10250174622081157	0.12962894681285642
2001-01-01	NL	mdhimfi	0.07998536190213965	0.1015663346778091
2001-01-01	NL	tb	0.04471038699491826	0.05736973949640861
2001-01-01	BE	md	0.03812177611875021	0.050027904125454215
2001-01-01	BE	mdhfi	0.03906517905856926	0.048912093444600444
2001-01-01	BE	mdhi	0.045678236214602395	0.06790673334492639
2001-01-01	BE	mdhifi	0.04816230347988827	0.06728308631142861
2001-01-01	BE	mdhim	0.051480435457567274	0.07234295851830792
2001-01-01	BE	mdhimfi	0.04496418683040118	0.0628152942206431
2001-01-01	BE	tb	0.03475640735297534	0.045315332432566933
2000-01-01	DE	md	0.032147313713213145	0.04218230377423345
2000-01-01	DE	mdhfi	0.03356473938776083	0.04205165933551943
2000-01-01	DE	mdhi	0.03007751333975662	0.05385670654570142
2000-01-01	DE	mdhifi	0.03342866468695891	0.054229062823997753
2000-01-01	DE	mdhim	0.044892764249931064	0.06352983510388767
2000-01-01	DE	mdhimfi	0.025868058666306433	0.04196400280078334
2000-01-01	DE	tb	0.027641397165563034	0.03612098101223697
2000-01-01	FR	md	0.05246512973702223	0.06396563440305392
2000-01-01	FR	mdhfi	0.05276913127853961	0.0618057672325963
2000-01-01	FR	mdhi	0.09714494092217646	0.1372585462026235
2000-01-01	FR	mdhifi	0.10025003965947302	0.1327814988114624
2000-01-01	FR	mdhim	0.06275776956077073	0.08600405952601654
2000-01-01	FR	mdhimfi	0.05413774153877678	0.07263997245420328
2000-01-01	FR	tb	0.04516499338922732	0.05497529782751418
2000-01-01	IT	md	0.07295017847246983	0.08212641083449526
2000-01-01	IT	mdhfi	0.07140802631899813	0.07803778340595847
2000-01-01	IT	mdhi	0.11557608245749916	0.136006671535826
2000-01-01	IT	mdhifi	0.11397887960339612	0.129106384111865
2000-01-01	IT	mdhim	0.10879105688687893	0.12587157522347964
2000-01-01	IT	mdhimfi	0.09459017147851735	0.10714436792681689
2000-01-01	IT	tb	0.06532546001368242	0.07323732404703533
2000-01-01	ES	md	0.042135004861085415	0.05136333961176028
2000-01-01	ES	mdhfi	0.041101484062598774	0.04874234370394575
2000-01-01	ES	mdhi	0.06544984386068604	0.08295714141638331
2000-01-01	ES	mdhifi	0.0643606410172646	0.07912314729513453
2000-01-01	ES	mdhim	0.05367006477067544	0.06836564003108805
2000-01-01	ES	mdhimfi	0.05368847630543043	0.06600309057870314
2000-01-01	ES	tb	0.03760185674280971	0.04548650435267557
2000-01-01	NL	md	0.05888814751633337	0.0756901944896738
2000-01-01	NL	mdhfi	0.05199720127823809	0.06634682063474845
2000-01-01	NL	mdhi	0.10004379470986198	0.13738893881410488
2000-01-01	NL	mdhifi	0.08838092132008038	0.12223347138061207
2000-01-01	NL	mdhim	0.09158517388733604	0.12008661904483371
2000-01-01	NL	mdhimfi	0.06571445765620602	0.09088507066046274
2000-01-01	NL	tb	0.04519413122239716	0.05863228637480635
2000-01-01	BE	md	0.041887567692164014	0.054153155222322356
2000-01-01	BE	mdhfi	0.04265262297546634	0.051957685176973245
2000-01-01	BE	mdhi	0.052147270307494394	0.07485566757212633
2000-01-01	BE	mdhifi	0.054487994504919195	0.07238641842974643
2000-01-01	BE	mdhim	0.05790380914405793	0.07931430591483157
2000-01-01	BE	mdhimfi	0.05112618686432501	0.067920311413633
2000-01-01	BE	tb	0.038192340635996844	0.04904135029062011
1999-01-01	DE	md	0.03525317338297699	0.0448015841726367
1999-01-01	DE	mdhfi	0.03418621317377953	0.04137147916858696
1999-01-01	DE	mdhi	0.03835292888928849	0.06103174670863131
1999-01-01	DE	mdhifi	0.035916160554823114	0.05357175422449612
1999-01-01	DE	mdhim	0.0509513760239057	0.06866867833228879
1999-01-01	DE	mdhimfi	0.02769711159024742	0.04131240176901156
1999-01-01	DE	tb	0.030586399116964792	0.03864808888259218
1999-01-01	FR	md	0.05056392345721296	0.061376958418497496
1999-01-01	FR	mdhfi	0.05142507239721725	0.060310899377058164
1999-01-01	FR	mdhi	0.09613215834447349	0.134257465474047
1999-01-01	FR	mdhifi	0.10121013604993187	0.1335001721638923
1999-01-01	FR	mdhim	0.06440229566434491	0.0863399082913175
1999-01-01	FR	mdhimfi	0.05421920758690161	0.07246781575718463
1999-01-01	FR	tb	0.04347231913615691	0.052667926269246684
1999-01-01	IT	md	0.06754821427117014	0.07814740071218232
1999-01-01	IT	mdhfi	0.0666085149624616	0.07509845345767613
1999-01-01	IT	mdhi	0.1053297010529839	0.12903438315278504
1999-01-01	IT	mdhifi	0.10489949295476517	0.12436604860355727
1999-01-01	IT	mdhim	0.09991217459918629	0.11972162213094703
1999-01-01	IT	mdhimfi	0.08700947235545956	0.1031561160414303
1999-01-01	IT	tb	0.06035175390685606	0.06949199248770999
1999-01-01	ES	md	0.04367048959940668	0.052305347279006605
1999-01-01	ES	mdhfi	0.04291398947824301	0.05000998432384597
1999-01-01	ES	mdhi	0.06834034466937244	0.0846484230940153
1999-01-01	ES	mdhifi	0.06789024723073991	0.08154913449357079
1999-01-01	ES	mdhim	0.05652936810457832	0.07018769874307496
1999-01-01	ES	mdhimfi	0.056485112947136075	0.06784939310877708
1999-01-01	ES	tb	0.03883636905499135	0.04619263995541245
1999-01-01	NL	md	0.05973981603745044	0.07647482449675708
1999-01-01	NL	mdhfi	0.051525578989622664	0.06608592368615637
1999-01-01	NL	mdhi	0.09996148675188615	0.1367482067756004
1999-01-01	NL	mdhifi	0.08521613017932649	0.11912399304074653
1999-01-01	NL	mdhim	0.09269429651232207	0.12080169454395051
1999-01-01	NL	mdhimfi	0.06347821250901411	0.08873646490693755
1999-01-01	NL	tb	0.04557697001640342	0.058905071135821815
1999-01-01	BE	md	0.037842247306790235	0.05003002101526759
1999-01-01	BE	mdhfi	0.038512343884755815	0.04859826449465072
1999-01-01	BE	mdhi	0.04612163643164233	0.0686670653238887
1999-01-01	BE	mdhifi	0.04814215478304611	0.06755595339071624
1999-01-01	BE	mdhim	0.05146462512099186	0.0726847578533371
1999-01-01	BE	mdhimfi	0.04507833672311637	0.06325662048825258
1999-01-01	BE	tb	0.03509464495852106	0.04587723160124392
1998-01-01	DE	md	0.037281560707020496	0.04619154216511445
1998-01-01	DE	mdhfi	0.039600691071906426	0.04488030442037565
1998-01-01	DE	mdhi	0.04096406233745129	0.06205320776426797
1998-01-01	DE	mdhifi	0.046868900324673474	0.059803034823744876
1998-01-01	DE	mdhim	0.05374691148330802	0.07018145406512613
1998-01-01	DE	mdhimfi	0.036041904424477154	0.04598817660495447
1998-01-01	DE	tb	0.032669793367808876	0.04017980483404884
1998-01-01	FR	md	0.05487689116968687	0.06446637737234354
1998-01-01	FR	mdhfi	0.056261257599867935	0.0639074592868069
1998-01-01	FR	mdhi	0.10883000157905082	0.14301357081779326
1998-01-01	FR	mdhifi	0.11613686686178161	0.14420214397901018
1998-01-01	FR	mdhim	0.07313768016111878	0.09276166574810853
1998-01-01	FR	mdhimfi	0.06254339987497384	0.0783768341721983
1998-01-01	FR	tb	0.04708834727440972	0.05521938390391756
1998-01-01	IT	md	0.06803008233494612	0.07734512240961841
1998-01-01	IT	mdhfi	0.06903030564985757	0.07521287530834482
1998-01-01	IT	mdhi	0.10871031623894298	0.1294971460158507
1998-01-01	IT	mdhifi	0.11287896116172466	0.12702739537405777
1998-01-01	IT	mdhim	0.10237062906835785	0.11977659089659934
1998-01-01	IT	mdhimfi	0.09381475301428159	0.105573648095422
1998-01-01	IT	tb	0.06086116506257583	0.06889311534428129
1998-01-01	ES	md	0.045202139143932035	0.05459444482570769
1998-01-01	ES	mdhfi	0.04373874483263652	0.051340238076321563
1998-01-01	ES	mdhi	0.07090980900102342	0.08862233229238062
1998-01-01	ES	mdhifi	0.06918715716572411	0.0838085499093432
1998-01-01	ES	mdhim	0.05838193172440075	0.07319135818073541
1998-01-01	ES	mdhimfi	0.05744730884199413	0.06958770742248242
1998-01-01	ES	tb	0.04007747587294746	0.048056282844921014
1998-01-01	NL	md	0.06301366509260348	0.0802240500149843
1998-01-01	NL	mdhfi	0.05491818914704269	0.07002175755249289
1998-01-01	NL	mdhi	0.10540128054898192	0.14288710680973812
1998-01-01	NL	mdhifi	0.0914064003459773	0.12627381027831924
1998-01-01	NL	mdhim	0.09705192770531315	0.1256761165283034
1998-01-01	NL	mdhimfi	0.06801735113773043	0.09396289604109301
1998-01-01	NL	tb	0.04812624567023654	0.06176481890919026
1998-01-01	BE	md	0.042392843361389494	0.055235105104408815
1998-01-01	BE	mdhfi	0.045382896594720966	0.05539080946181997
1998-01-01	BE	mdhi	0.05264302846669704	0.07641401727483266
1998-01-01	BE	mdhifi	0.05932918075181976	0.07862033377776093
1998-01-01	BE	mdhim	0.058643722385380626	0.08106817999381222
1998-01-01	BE	mdhimfi	0.05568452117219376	0.07379059655527752
1998-01-01	BE	tb	0.038177793158527346	0.04952958122773896
1997-01-01	DE	md	0.03546733701319429	0.043967362854356595
1997-01-01	DE	mdhfi	0.03580540144077568	0.04176767454860174
1997-01-01	DE	mdhi	0.03527921650386732	0.05527879384229052
1997-01-01	DE	mdhifi	0.036090950628430124	0.050608053548341
1997-01-01	DE	mdhim	0.04968001985601809	0.06524943385031888
1997-01-01	DE	mdhimfi	0.027724369846307953	0.03887612737667016
1997-01-01	DE	tb	0.031148359030521662	0.038297894808622446
1997-01-01	FR	md	0.05127519674980356	0.06049440363379749
1997-01-01	FR	mdhfi	0.05234176354770545	0.059541357124895604
1997-01-01	FR	mdhi	0.09684466662927797	0.1295345039659217
1997-01-01	FR	mdhifi	0.10255022092426057	0.12880906451187968
1997-01-01	FR	mdhim	0.06612531217307366	0.08500218941906774
1997-01-01	FR	mdhimfi	0.054661850882371896	0.06957408733322339
1997-01-01	FR	tb	0.0442197015005157	0.052022191403043296
1997-01-01	IT	md	0.06394701672528405	0.07960002330301368
1997-01-01	IT	mdhfi	0.06679638306028422	0.07879015243674842
1997-01-01	IT	mdhi	0.10016888096502882	0.1351993849068394
1997-01-01	IT	mdhifi	0.10835559234233265	0.13587303061835507
1997-01-01	IT	mdhim	0.09541276652036991	0.12475390346500502
1997-01-01	IT	mdhimfi	0.09009109812575916	0.11297017781425739
1997-01-01	IT	tb	0.05769543302412345	0.0711966419834098
1997-01-01	ES	md	0.04712251988534748	0.05575888437088731
1997-01-01	ES	mdhfi	0.04605528544940394	0.05246389049105373
1997-01-01	ES	mdhi	0.07473218912762121	0.09103884907039421
1997-01-01	ES	mdhifi	0.07388841745850477	0.08623880821008609
1997-01-01	ES	mdhim	0.06163176675072357	0.07522810548694893
1997-01-01	ES	mdhimfi	0.061160868443497995	0.07138385940696618
1997-01-01	ES	tb	0.0416744801399207	0.048997975223634235
1997-01-01	NL	md	0.05962329465430839	0.07681795057381234
1997-01-01	NL	mdhfi	0.05109209516221731	0.06614053510010863
1997-01-01	NL	mdhi	0.09814633324819654	0.13545320974632438
1997-01-01	NL	mdhifi	0.08273381280787377	0.1172941280225049
1997-01-01	NL	mdhim	0.0911487010521018	0.1195345136620681
1997-01-01	NL	mdhimfi	0.06135782209210759	0.08698876548052452
1997-01-01	NL	tb	0.045722970892366196	0.05928985729010702
1997-01-01	BE	md	0.044171133268337215	0.05490701315653051
1997-01-01	BE	mdhfi	0.04595532679939647	0.05420599335972765
1997-01-01	BE	mdhi	0.0556595163128865	0.07562161148397593
1997-01-01	BE	mdhifi	0.060191720446939934	0.07619427973146523
1997-01-01	BE	mdhim	0.06213458338131667	0.08096193763460646
1997-01-01	BE	mdhimfi	0.0564706894399209	0.07148397613268052
1997-01-01	BE	tb	0.039740086001012614	0.04921318312238438
1996-01-01	DE	md	0.03282283931952144	0.04085808942255246
1996-01-01	DE	mdhfi	0.03353643704688131	0.038880726885344795
1996-01-01	DE	mdhi	0.02813234229776148	0.046866222167986166
1996-01-01	DE	mdhifi	0.029573604845200743	0.0424568300614864
1996-01-01	DE	mdhim	0.044603439357208036	0.05919869658954093
1996-01-01	DE	mdhimfi	0.022741500998867126	0.03264843931965612
1996-01-01	DE	tb	0.029012697460699267	0.035753139942524596
1996-01-01	FR	md	0.04948213568179217	0.05783828873751799
1996-01-01	FR	mdhfi	0.04984575687465549	0.05632543822415468
1996-01-01	FR	mdhi	0.09101058808272172	0.12013838376392885
1996-01-01	FR	mdhifi	0.09391857085262523	0.11712809729883693
1996-01-01	FR	mdhim	0.060996513861250726	0.07800831681019621
1996-01-01	FR	mdhimfi	0.049190245165347875	0.06253100287163688
1996-01-01	FR	tb	0.04252279839999916	0.04958562231544691
1996-01-01	IT	md	0.06869362056415236	0.08295161556962558
1996-01-01	IT	mdhfi	0.07097534342371627	0.08087841983306718
1996-01-01	IT	mdhi	0.1102085293059314	0.14199959107291943
1996-01-01	IT	mdhifi	0.11728932810446135	0.13991789861556145
1996-01-01	IT	mdhim	0.10434794901761904	0.13103729068003614
1996-01-01	IT	mdhimfi	0.09776158336089334	0.116622675994901
1996-01-01	IT	tb	0.06183279151475248	0.07412966068242638
1996-01-01	ES	md	0.05266305131252647	0.05930481443542868
1996-01-01	ES	mdhfi	0.05096635071032034	0.05619956885009782
1996-01-01	ES	mdhi	0.08573815990607069	0.09833195895314592
1996-01-01	ES	mdhifi	0.08391243788106399	0.09404222741224708
1996-01-01	ES	mdhim	0.07086580086112268	0.08132978657631065
1996-01-01	ES	mdhimfi	0.06920539255027655	0.07755976859582588
1996-01-01	ES	tb	0.04644454640951559	0.0520709488951588
1996-01-01	NL	md	0.05534564968401668	0.07057297338076399
1996-01-01	NL	mdhfi	0.046223357180856926	0.05926723446447225
1996-01-01	NL	mdhi	0.08999585688700074	0.1227994683401055
1996-01-01	NL	mdhifi	0.07298395433081119	0.10273165782883516
1996-01-01	NL	mdhim	0.08360739229127243	0.1085314725717945
1996-01-01	NL	mdhimfi	0.05403251809776191	0.07605576063595462
1996-01-01	NL	tb	0.042056555000007295	0.0540224395620632
1996-01-01	BE	md	0.044242469003536136	0.05424311740295435
1996-01-01	BE	mdhfi	0.044605261195554656	0.0523959017941322
1996-01-01	BE	mdhi	0.05501025697769325	0.07363786255166344
1996-01-01	BE	mdhifi	0.05670518810103176	0.07183448186460888
1996-01-01	BE	mdhim	0.06205744736914749	0.07959159140392684
1996-01-01	BE	mdhimfi	0.05308988716029554	0.0672545963451445
1996-01-01	BE	tb	0.0403708802125672	0.04917261834548185
1995-01-01	DE	md	0.03401876823047753	0.040802611294701537
1995-01-01	DE	mdhfi	0.03526021132448845	0.03958655014582215
1995-01-01	DE	mdhi	0.03119342399650104	0.04684763299995343
1995-01-01	DE	mdhifi	0.03398703266623809	0.04430502600063974
1995-01-01	DE	mdhim	0.04616877065992589	0.058367629748332574
1995-01-01	DE	mdhimfi	0.026143703811256865	0.034080570919078346
1995-01-01	DE	tb	0.029453017334433257	0.03512988693893928
1995-01-01	FR	md	0.053124072219823626	0.060451628298402886
1995-01-01	FR	mdhfi	0.05226950189234885	0.058765012088937064
1995-01-01	FR	mdhi	0.1036688500331936	0.12872825217704653
1995-01-01	FR	mdhifi	0.10256924765163886	0.1253742251807162
1995-01-01	FR	mdhim	0.06781717317363378	0.08262593562363296
1995-01-01	FR	mdhimfi	0.054669561821920606	0.06794192318623395
1995-01-01	FR	tb	0.04575569675007354	0.05194889269603824
1995-01-01	IT	md	0.06964786374568496	0.08212623489455094
1995-01-01	IT	mdhfi	0.0714611840022442	0.08007213960696843
1995-01-01	IT	mdhi	0.11294791073763194	0.14071571182333312
1995-01-01	IT	mdhifi	0.11900976545733792	0.1386412462345411
1995-01-01	IT	mdhim	0.10659181477337662	0.1299481901391015
1995-01-01	IT	mdhimfi	0.09939980931453886	0.1157964927154111
1995-01-01	IT	tb	0.06261868632110555	0.07337079377011939
1995-01-01	ES	md	0.05306221786358129	0.05935176907036424
1995-01-01	ES	mdhfi	0.05142084431781968	0.05618351539561446
1995-01-01	ES	mdhi	0.08700322250461982	0.09896398940772759
1995-01-01	ES	mdhifi	0.08531484934995685	0.09456154652215032
1995-01-01	ES	mdhim	0.07146420242369801	0.0813704960785636
1995-01-01	ES	mdhimfi	0.07012874459107904	0.07772952299297088
1995-01-01	ES	tb	0.04653297462929639	0.051856663788539425
1995-01-01	NL	md	0.05624468730859227	0.06839886847690542
1995-01-01	NL	mdhfi	0.046640130337931685	0.056787002591686765
1995-01-01	NL	mdhi	0.09132758024351156	0.11716513881171474
1995-01-01	NL	mdhifi	0.07354422715223255	0.09635448365558076
1995-01-01	NL	mdhim	0.08414321408817182	0.10381501182515535
1995-01-01	NL	mdhimfi	0.054580291681752775	0.07150875094356922
1995-01-01	NL	tb	0.043011686714782026	0.0525358241026803
1995-01-01	BE	md	0.04917922175700658	0.058101899127849375
1995-01-01	BE	mdhfi	0.04864905797044778	0.05561230009712589
1995-01-01	BE	mdhi	0.06317315598640288	0.07980343066185457
1995-01-01	BE	mdhifi	0.06345997920868791	0.07700476991290985
1995-01-01	BE	mdhim	0.07050534328696156	0.08616781381796022
1995-01-01	BE	mdhimfi	0.05944108384968316	0.07212808832109088
1995-01-01	BE	tb	0.04488510798610835	0.052722397665753554
